UT	MJD	Telescope	Exp_time	Filter	mag	mag_err
2023-09-19 21:28:30.720	60206.89479999989	GIT	360.0	r	20.03630927931297	0.1501227681035037
2023-09-19 22:17:11.731	60206.92860800028	GIT	360.0	g	20.29362724029661	0.1451735847172235
2023-09-20 18:19:27.437	60207.763511999976	GIT	300.0	g	19.725281459538515	0.0796525746212621
2023-09-20 18:27:38.534	60207.76919599995	GIT	600.0	i	19.59845852640684	0.0973515623115223
2023-09-20 18:35:49.718	60207.774881000165	GIT	300.0	r	19.59789341011866	0.0879873188117011
2023-09-21 16:43:56.093	60208.69717699988	GIT	300.0	g	19.654513691938924	0.080610355099509
2023-09-21 16:54:46.685	60208.70470699994	GIT	300.0	i	19.656708528089908	0.1077759256259126
2023-09-21 17:05:38.659	60208.712252999656	GIT	300.0	r	19.505839177115977	0.1087023696217654
2023-09-21 21:42:08.582	60208.904265999794	GIT	300.0	g	19.56979053823348	0.0814151807406425
2023-09-21 21:47:30.941	60208.90799700003	GIT	900.0	g	19.59590403814532	0.0986091555494454
2023-09-21 21:47:33.619	60208.908028000034	GIT	900.0	g	19.62221461495232	0.0765118142526547
2023-09-21 21:52:50.794	60208.91169900028	GIT	300.0	g	19.54127783642576	0.0807575271997765
2023-09-21 21:58:16.090	60208.915463999845	GIT	300.0	i	19.563893569243437	0.077680693136939
2023-09-21 22:09:07.286	60208.923000999726	GIT	300.0	r	19.46624618661584	0.0966275351688178
2023-09-22 14:28:56.093	60209.60342699988	GIT	720.0	r	19.60331996646552	0.0986695634105347
2023-09-22 14:28:57.994	60209.603449000046	GIT	720.0	g	19.74925503080075	0.0857485973740727
2023-09-23 14:25:20.698	60210.60093400022	GIT	720.0	g	19.85739505845436	0.0804573212246469
2023-09-23 15:09:19.181	60210.63147199992	GIT	720.0	r	19.74228545030175	0.0834194695901868
2023-09-24 14:26:58.589	60211.60206699977	GIT	720.0	g	19.87160883411101	0.079120521546731
2023-09-26 14:15:22.810	60213.59401400015	GIT	720.0	g	19.79408088214411	0.0925780644280804
2023-09-26 14:15:22.982	60213.59401600016	GIT	720.0	r	19.50061151959873	0.0901664398503883
2023-09-27 14:15:25.142	60214.59404100012	GIT	720.0	g	19.46681921965309	0.0764915773458148
2023-09-27 14:15:28.771	60214.59408299997	GIT	720.0	r	19.47623360318168	0.0738885230139511
2023-09-28 13:59:36.643	60215.58306299988	GIT	720.0	g	19.64069565350356	0.105422383784552
2023-09-28 14:12:21.197	60215.59191199997	GIT	720.0	r	19.55654885000521	0.1310164512484915
2023-09-29 14:30:48.240	60216.60472499998	GIT	720.0	g	19.337250387849743	0.0636509586987277
2023-09-30 18:54:14.947	60217.78767299978	GIT	720.0	g	19.629936223679465	0.1760822300624205
2023-09-30 19:07:07.536	60217.79661500035	GIT	720.0	r	19.577846592657792	0.191582424514019
2023-10-02 14:04:33.254	60219.58649599971	GIT	720.0	g	19.89956409444798	0.0987195389779439
2023-10-02 14:17:42.173	60219.59562700009	GIT	720.0	r	19.711286491160926	0.0998871332599825
2023-10-03 14:41:56.371	60220.61245799996	GIT	720.0	r	19.896195446515065	0.1363930610738425
2023-10-03 14:41:56.458	60220.6124590002	GIT	720.0	g	19.995784425960228	0.1383162028748957
2023-10-04 14:44:33.878	60221.6142810001	GIT	720.0	r	19.678927812805668	0.0975112410730417
2023-10-04 14:57:25.085	60221.62320700008	GIT	720.0	g	19.82788332342345	0.0985742461367643
2023-10-04 15:10:17.242	60221.63214399992	GIT	720.0	i	19.828751230364453	0.0934443210439402
2023-10-04 17:10:18.250	60221.71548900008	GIT	720.0	r	19.831832823446888	0.0887608846053993
2023-10-04 17:23:12.394	60221.72444900032	GIT	720.0	g	20.23353297186241	0.109018957131458
2023-10-04 17:35:56.602	60221.73329399992	GIT	720.0	i	19.98021821388119	0.0961519605710616
2023-10-04 22:39:00.086	60221.94375099987	GIT	720.0	r	19.697125196673596	0.106175519853619
2023-10-04 22:51:44.726	60221.952600999735	GIT	720.0	g	20.086811968604483	0.1103220542274879
2023-10-05 15:42:40.205	60222.65463199979	GIT	1080.0	r	19.7426373461922	0.0974875485931197
2023-10-05 16:01:44.746	60222.66787900031	GIT	1080.0	g	19.8969135421021	0.1023158528429749
2023-10-05 16:20:52.224	60222.68115999969	GIT	1080.0	i	19.83339113991924	0.0866879291154225
2023-10-05 22:43:00.538	60222.94653399987	GIT	1080.0	r	19.776777302899315	0.0849501745162592
2023-10-05 23:02:10.176	60222.95984000014	GIT	1080.0	g	19.89827214737464	0.0879302941379436
2023-10-05 23:21:19.642	60222.97314399993	GIT	1080.0	i	19.82141130360138	0.0752344356858633
2023-10-06 14:58:18.912	60223.62382999994	GIT	720.0	r	19.6710235938123	0.0784696512171169
2023-10-06 22:40:10.589	60223.94456700003	GIT	1080.0	r	19.5569453951437	0.1011843083028389
2023-10-06 22:59:19.882	60223.9578689998	GIT	1080.0	g	19.71817039110291	0.0853191808248775
2023-10-06 23:18:29.002	60223.971169000026	GIT	1080.0	i	19.58887549366304	0.0987594501267669
2023-10-08 13:50:27.053	60225.57670200011	GIT	720.0	r	19.078097016338184	0.1460260325907982
2023-10-09 13:24:07.056	60226.55841500033	GIT	720.0	g	19.47218641722593	0.1517312743200867
2023-10-09 13:24:07.142	60226.5584160001	GIT	720.0	r	19.252298451852653	0.1771418823005953
2023-10-10 13:48:36.634	60227.57542400016	GIT	720.0	g	19.45745383086429	0.1842099230154975
2023-10-11 13:14:52.368	60228.55199499987	GIT	720.0	g	19.222569966414248	0.0874530869996612
2023-10-11 13:27:44.179	60228.56092799967	GIT	720.0	r	19.08002844994308	0.0923422174081295
2023-10-15 15:00:09.936	60232.62511500018	GIT	720.0	g	18.98194571303759	0.0874687122754139
2023-10-15 15:12:55.786	60232.63397900015	GIT	720.0	r	18.91184755898893	0.0686417708889052
2023-10-17 19:40:38.237	60234.81988699967	GIT	600.0	r	18.417319537887693	0.0867590485106673
2023-10-17 19:51:31.248	60234.82744499994	GIT	600.0	g	18.68533474128293	0.0750921231809881
2023-10-18 14:27:30.902	60235.60244099982	GIT	600.0	r	18.668336173274533	0.1153711274995872
2023-10-18 14:38:23.914	60235.609999000095	GIT	600.0	g	18.76029038158368	0.0949190312206797
2023-10-18 14:49:18.653	60235.617577000055	GIT	600.0	i	18.492347847222877	0.1707374212217668
2023-10-18 21:25:35.242	60235.89276900003	GIT	1200.0	z	18.57491217219332	0.1707049745412893
2023-10-18 21:41:45.341	60235.90399700031	GIT	600.0	r	18.503051688668585	0.1027623740887764
2023-10-18 21:52:38.870	60235.91156100016	GIT	600.0	g	18.69916142521506	0.0837959488429131
2023-10-18 22:06:12.413	60235.92097700015	GIT	900.0	i	18.45837229897405	0.112204378118833
2023-10-19 20:12:35.194	60236.84207400028	GIT	600.0	r	18.669720061699945	0.119833821912773
2023-10-19 20:23:25.958	60236.84960600035	GIT	600.0	g	18.890710086093826	0.0961842956892439
2023-10-19 20:36:54.576	60236.85896500014	GIT	900.0	i	18.609652521245	0.1185837986503678
2023-10-19 20:55:42.614	60236.8720209999	GIT	1200.0	z	18.81661812517312	0.1714789083296428
2023-10-20 14:02:43.958	60237.58523100009	GIT	600.0	r	18.724231988161584	0.1049112596457587
2023-10-20 14:13:35.069	60237.59276699973	GIT	600.0	g	18.894600836151326	0.0905541407824729
2023-10-20 14:27:05.846	60237.60215099994	GIT	900.0	i	18.74048179131113	0.0953431146214387
2023-10-21 19:58:58.109	60238.83261699975	GIT	600.0	r	18.717298956466703	0.0890166728513501
2023-10-21 20:17:46.061	60238.8456720002	GIT	600.0	g	18.911758843238985	0.0834919203854176
2023-10-21 20:31:10.013	60238.85497700004	GIT	900.0	i	18.75426093287068	0.0867083095031521
2023-10-23 20:07:42.125	60240.83868200006	GIT	600.0	r	18.994318960680445	0.1170260105185594
2023-10-23 20:18:31.421	60240.84619700024	GIT	600.0	g	19.144661737757488	0.0924822543921148
2023-10-08 13:37:37.229	60225.56779199978	GIT	720.0	g	19.474264225103045	0.22506398141794
2023-10-23 20:32:01.766	60240.85557599971	GIT	900.0	i	19.02238275122417	0.0977230828154247
2023-10-24 21:43:36.278	60241.90528100031	GIT	1200.0	r	19.01623968707652	0.0886522068829629
2023-10-24 22:09:10.138	60241.92303400021	GIT	1200.0	g	19.223713351831165	0.072138014906847
2023-10-24 22:45:37.958	60241.94835600024	GIT	600.0	i	19.16848986654653	0.066637078811502
2023-10-25 14:04:54.163	60242.58673800016	GIT	600.0	r	19.180091576507248	0.0906607167880448
2023-10-25 14:15:45.360	60242.59427500004	GIT	600.0	g	19.3317532719144	0.0679795842044194
2023-10-25 21:10:44.198	60242.88245599996	GIT	600.0	r	19.210164407524392	0.0769722223265818
2023-10-25 21:21:36.518	60242.890006000176	GIT	600.0	g	19.476784067278565	0.0791716576180947
2023-10-25 15:32:20.717	60242.64746199967	GIT	600.0	i	19.366053445068065	0.0795590254523142
2023-10-25 21:35:08.160	60242.8994	GIT	900.0	i	19.33067208226442	0.0732548245540983
2023-10-12 13:19:32.477	60229.55523699988	GIT	720.0	g	19.4655496933485	0.0843081567122796
2023-10-20 13:49:05.146	60237.575753999874	GIT	900.0	z	18.51645322874928	0.1194198038146052
2023-10-26 14:57:04.694	60243.62297099968	GIT	600.0	r	19.143197669532977	0.0861233148289626
2023-10-26 15:43:03.706	60243.654904	GIT	1200.0	g	19.49857502271296	0.0685417909582374
2023-10-26 15:48:36.086	60243.65875099972	GIT	1500.0	i	19.352432674684483	0.1090538169524183
2023-10-27 12:58:10.128	60244.54039500002	GIT	900.0	r	19.176870982299494	0.0984462055825972
2023-10-27 13:14:25.843	60244.551688000094	GIT	900.0	g	19.61671152992605	0.0744234115910034
2023-10-27 13:30:36.288	60244.56291999994	GIT	900.0	i	19.500887113564893	0.0797438866876726
2023-10-27 20:08:42.432	60244.83937999979	GIT	900.0	r	19.464176610329137	0.0771805095014994
2023-10-27 20:24:50.371	60244.85058300011	GIT	900.0	g	19.60623881125364	0.0543695745840773
2023-10-27 20:41:07.814	60244.86189599987	GIT	900.0	i	19.64254584478069	0.0775513686007048
2023-10-27 22:09:44.266	60244.92342900019	GIT	1600.0	z	19.085343077004516	0.143691283800678
2023-10-28 14:06:43.200	60245.58799999999	GIT	900.0	r	19.47083910193964	0.0800725887310677
2023-10-28 14:22:58.224	60245.599285	GIT	900.0	g	20.020070326960276	0.0679538261377362
2023-10-28 20:42:36.720	60245.86292500002	GIT	900.0	r	19.393487093114757	0.0751062615261749
2023-10-28 20:58:42.672	60245.87410499994	GIT	600.0	g	19.89854594714128	0.0650439206739814
2023-10-29 14:39:32.774	60246.61079599988	GIT	900.0	r	19.445447871640155	0.0690428549698096
2023-10-29 15:14:38.947	60246.63517299993	GIT	1200.0	i	19.717466025008203	0.0858401154762062
2023-10-29 20:41:06.518	60246.86188099999	GIT	900.0	r	19.66670337194005	0.0870074195287488
2023-10-29 20:57:18.950	60246.87313600024	GIT	900.0	g	20.118123864237702	0.0659373880175073
2023-10-29 21:16:02.237	60246.88613699982	GIT	1200.0	i	19.667269744914982	0.0760841338881465
2023-10-30 14:22:30.058	60247.59895899985	GIT	900.0	r	19.94136472808601	0.0724881604933787
2023-10-30 14:38:44.045	60247.61023199977	GIT	900.0	g	20.066735300876665	0.0665872912808734
2023-10-30 14:57:29.923	60247.623263000045	GIT	1200.0	i	20.10853369139618	0.1020026596338545
2023-10-31 14:35:46.838	60248.60818100022	GIT	3600.0	z	19.679791972761965	0.1399194946177533
2023-10-31 15:47:35.693	60248.65805200022	GIT	900.0	r	20.05571684931972	0.0837192626916282
2023-10-31 16:04:41.347	60248.66992300004	GIT	900.0	g	20.70275301791834	0.0760672079759351
2023-10-31 16:23:35.088	60248.6830450003	GIT	1200.0	i	19.965084324405822	0.0771927905356272
2023-10-31 21:10:33.053	60248.88232700015	GIT	900.0	r	19.736518123203364	0.087503014165341
2023-10-31 21:24:12.643	60248.8918130002	GIT	600.0	g	20.640071248383784	0.0712619815739576
2023-11-01 13:28:44.832	60249.561629999895	GIT	1200.0	i	20.064272993943728	0.0786153898114719
2023-11-01 13:38:15.418	60249.56823399989	GIT	2700.0	z	19.66722847981396	0.1423286030289428
2023-11-01 13:47:32.266	60249.5746790003	GIT	900.0	g	20.7030301559658	0.0930957275034388
2023-11-01 14:03:41.414	60249.5858959998	GIT	900.0	r	19.787655090411704	0.0800622139172093
2023-10-29 14:55:48.835	60246.62209299998	GIT	900.0	g	20.325632349076145	0.0570923120023116
2023-11-03 14:33:01.469	60251.60626699962	GIT	900.0	g	20.90750679174517	0.0970411589064215
2023-11-03 14:38:44.650	60251.61023900006	GIT	2100.0	i	20.55953957945732	0.082650332514916
2023-11-03 14:49:22.541	60251.617622000165	GIT	900.0	r	20.08651865710653	0.0855326199884606
2023-11-04 13:52:39.677	60252.57823699992	GIT	900.0	g	21.03203180800544	0.0832071271054373
2023-11-04 14:08:42.950	60252.58938599983	GIT	900.0	r	20.05404089136936	0.0838928240182824
2023-11-04 13:28:30.749	60252.56146699982	GIT	1800.0	i	20.96414414367511	0.0942342493792451
2023-11-05 13:23:06.230	60253.55771100009	GIT	900.0	g	20.930119095132287	0.1072178229203783
2023-11-05 13:39:14.170	60253.568913999945	GIT	900.0	r	20.24549179513736	0.0998072629422336
2023-11-05 12:58:56.266	60253.54092899989	GIT	1800.0	i	20.83199436168036	0.080397593462767
2023-11-05 21:11:16.080	60253.88282500021	GIT	900.0	g	20.775294883106245	0.087139740817232
2023-11-05 21:27:33.264	60253.89413499972	GIT	900.0	r	20.31024977621055	0.104190402278216
2023-11-06 13:49:22.944	60254.575960000046	GIT	1200.0	r	20.17657350102689	0.0905368553076995
2023-11-06 14:17:30.077	60254.59548699996	GIT	2100.0	g	20.720716257697383	0.0940328606015774
2023-11-06 20:43:08.947	60254.86329799984	GIT	900.0	r	20.47666772352488	0.0912486726556532
2023-11-06 21:04:51.773	60254.87837699987	GIT	1500.0	g	20.96410065407356	0.0962954915225656
2023-11-07 14:52:17.846	60255.619651000015	GIT	2100.0	g	20.83160054236891	0.1110220508647571
2023-11-07 15:22:03.302	60255.64031600021	GIT	1800.0	r	20.567295077089923	0.0821530310069798
2023-11-07 20:39:08.582	60255.86051600007	GIT	900.0	r	20.59431378225952	0.1024373327561874
2023-11-07 20:58:00.595	60255.87361800019	GIT	1200.0	g	20.822612810446675	0.1027362882853758
2023-11-08 21:25:38.870	60256.89281099988	GIT	1500.0	g	20.696977200745337	0.0848411796932156
2023-11-08 21:49:57.907	60256.90969800018	GIT	1200.0	r	20.48598737211864	0.0845814069194527
2023-11-09 14:47:19.939	60257.61620299984	GIT	1200.0	g	20.860975597102208	0.1147547966394134
2023-11-10 13:21:56.333	60258.556902000215	GIT	1500.0	g	20.802432201861137	0.0954238333408449
2023-11-10 14:58:16.406	60258.62380099995	GIT	3600.0	r	20.36800373608187	0.0845157066419402
2023-11-11 13:04:41.002	60259.54491900001	GIT	1500.0	g	20.619216561281966	0.0946930157189541
2023-11-11 13:34:08.832	60259.56538000005	GIT	1800.0	r	20.377768776739376	0.0916943622526965
2023-11-11 14:18:36.950	60259.59626100026	GIT	2100.0	i	20.21567947314673	0.0890382600116712
2023-11-11 20:39:57.485	60259.86108200019	GIT	1200.0	g	20.65279772141094	0.0947066332447947
2023-11-11 21:04:17.213	60259.87797700008	GIT	1500.0	r	20.209953577499466	0.0858967576356546
2023-10-28 14:41:44.880	60245.61232500011	GIT	1200.0	i	20.17311806127969	0.0977948514137868
2023-11-06 13:39:04.061	60254.56879700022	GIT	2700.0	i	20.83609063917277	0.0835492365482449
2023-11-09 14:09:13.018	60257.58973400016	GIT	3000.0	i	20.47973577888243	0.0774334143239375
2023-11-12 14:31:03.965	60260.60490699997	GIT	1200.0	g	20.53071541798481	0.0894931301868258
2023-11-12 16:14:42.778	60260.67688400019	GIT	1200.0	r	20.044237353385277	0.0943754673898326
2023-11-12 13:53:23.914	60260.578749000095	GIT	3000.0	i	20.539139498455057	0.0853500122467238
2023-11-12 21:33:51.869	60260.89851700002	GIT	900.0	g	20.44498326828253	0.1238480398486421
2023-11-12 21:50:12.595	60260.90986800008	GIT	900.0	r	20.015790113592967	0.1022258120292392
2023-11-13 14:01:07.968	60261.58412000025	GIT	3000.0	i	20.21371475120112	0.0936486530463983
2023-11-13 14:36:15.610	60261.60851399973	GIT	900.0	g	20.263828026734437	0.1023967938712981
2023-11-13 14:55:46.675	60261.622068000026	GIT	1200.0	r	20.1728220301037	0.0912316118962299
2023-11-14 13:43:39.418	60262.57198400004	GIT	3000.0	i	20.16582789890694	0.0803295176971852
2023-11-14 14:18:34.618	60262.59623399982	GIT	900.0	g	20.37860088340232	0.0915409109547445
2023-11-14 14:37:27.581	60262.60934700025	GIT	1200.0	r	20.005822442084188	0.08194214236558
2023-11-14 21:14:53.117	60262.88533699978	GIT	900.0	g	20.14931102610825	0.0767674633831402
2023-11-14 21:33:53.338	60262.89853399992	GIT	1200.0	r	20.01603041626477	0.0850650819204826
2023-11-15 13:31:01.517	60263.56321199983	GIT	3000.0	i	19.87253904182537	0.0667249431049128
2023-11-15 14:06:04.320	60263.58754999982	GIT	900.0	g	20.112500415061792	0.0964790513074447
2023-11-15 14:25:18.365	60263.60090699978	GIT	1200.0	r	19.745073723707605	0.0969323715316532
2023-11-16 16:20:02.285	60264.68058199994	GIT	900.0	g	19.78506972329566	0.085887529932261
2023-11-16 16:39:08.467	60264.69384799991	GIT	1200.0	r	19.52372760701769	0.0792868735196196
2023-11-16 20:34:26.918	60264.85725599993	GIT	1200.0	g	19.784228165542068	0.0754640179296639
2023-11-16 20:56:11.126	60264.87235099962	GIT	1200.0	r	19.67710691094882	0.0815843026718561
2023-11-17 16:59:50.381	60265.70822199993	GIT	3000.0	i	19.483225008082307	0.0878152966225064
2023-11-17 17:42:09.504	60265.73760999972	GIT	900.0	g	19.49260660686596	0.0915280156264537
2023-11-17 18:10:00.566	60265.75695099961	GIT	900.0	r	19.29736500259032	0.0857433620752848
2023-11-18 19:43:09.264	60266.82163499994	GIT	1800.0	i	19.281180302702985	0.069834107062353
2023-11-18 20:12:48.326	60266.84222600004	GIT	600.0	g	19.564681555477488	0.0884102286327235
2023-11-18 20:23:39.523	60266.84976299992	GIT	600.0	r	19.283419850728603	0.0870623300249005
2023-11-18 21:10:11.712	60266.88207999989	GIT	900.0	i	19.10070044601252	0.0873800449516376
2023-11-18 21:23:44.563	60266.891488000285	GIT	600.0	g	19.49060141260433	0.0959031666070134
2023-11-18 21:34:39.821	60266.89907200029	GIT	600.0	r	19.23042516024837	0.145430901384113
2023-11-19 17:47:45.859	60267.741502999794	GIT	900.0	i	19.472274607496733	0.0783999093904199
2023-11-19 18:01:22.426	60267.75095400028	GIT	600.0	g	19.788358912907952	0.081838562285811
2023-11-19 18:12:11.290	60267.75846399972	GIT	600.0	r	19.57009537502656	0.0902089723700136
2023-11-19 20:58:40.253	60267.87407700019	GIT	900.0	i	19.66239356219709	0.0864247993795641
2023-11-19 21:12:18.893	60267.88355199993	GIT	600.0	g	19.692532991949943	0.0761983795787294
2023-11-19 21:23:15.706	60267.89115400007	GIT	600.0	r	19.61749464387872	0.0827524450087701
2023-11-20 17:17:49.430	60268.72071100026	GIT	1200.0	i	19.605389981544988	0.102486162435285
2023-11-20 17:34:11.971	60268.73208300024	GIT	600.0	g	19.72226397724404	0.086913960747068
2023-11-20 17:45:06.797	60268.73966199998	GIT	600.0	r	19.546323053050944	0.0934805419912714
2023-11-21 20:23:59.309	60269.84999200003	GIT	1200.0	i	19.525646686281625	0.0956104019039185
2023-11-21 20:40:07.507	60269.861198000144	GIT	600.0	g	19.61017137273253	0.0846847325218138
2023-11-21 20:51:04.147	60269.86879799981	GIT	600.0	r	19.360608112347887	0.0898025851961109
2023-11-22 17:17:37.507	60270.720573000144	GIT	600.0	g	19.841271406653263	0.0964466088164592
2023-11-22 17:29:29.098	60270.72880899999	GIT	600.0	r	19.695575868908648	0.1045984824936359
2023-11-23 21:20:16.426	60271.88907899987	GIT	600.0	g	19.664477707344325	0.0792033418738639
2023-11-24 16:01:18.134	60272.66757099982	GIT	600.0	g	19.61230489506386	0.0713041571852592
2023-11-24 16:31:17.242	60272.68839399982	GIT	1200.0	r	19.34936454788088	0.0715820167184383
2023-11-24 20:17:01.219	60272.84515299974	GIT	1800.0	i	19.419096602537547	0.1296345437903916
2023-11-24 20:38:40.934	60272.860195999965	GIT	600.0	g	19.46919575525652	0.0914552666025069
2023-11-24 20:52:19.834	60272.86967399996	GIT	900.0	r	19.39966725975586	0.1213673137883008
2023-11-25 16:59:12.019	60273.70777799981	GIT	600.0	g	19.70191292234409	0.1024657728056939
2023-11-25 17:28:47.453	60273.72832700005	GIT	1500.0	r	19.14097349607152	0.0864052429525471
2023-11-30 13:54:08.323	60278.57926300028	GIT	900.0	r	19.22133117477117	0.0920601251514675
2023-12-01 13:00:26.813	60279.54197699996	GIT	600.0	r	19.038319462703804	0.0775963693646154
2023-12-01 13:11:17.405	60279.54950700002	GIT	600.0	g	19.55544165584376	0.075105015186373
2023-12-02 13:01:39.475	60280.54281800008	GIT	1800.0	i	19.775644606608573	0.0843826073840508
2023-12-02 13:23:27.830	60280.55796100013	GIT	600.0	g	19.73871663502197	0.0871415836651072
2023-12-02 13:34:28.272	60280.56560500013	GIT	600.0	r	19.481527304441205	0.1293271994718669
2023-12-02 20:23:50.496	60280.84989000019	GIT	1800.0	i	19.741682340670728	0.1043972303343438
2023-12-02 20:45:27.187	60280.86489799991	GIT	600.0	g	19.550737934440736	0.0949682729481128
2023-12-03 13:13:40.051	60281.55115800025	GIT	1800.0	i	19.763165831490227	0.111243972561076
2023-12-03 13:35:29.530	60281.56631400017	GIT	600.0	g	19.83127900273262	0.0908698733473098
2023-12-03 13:46:31.181	60281.57397200028	GIT	600.0	r	19.529107054436647	0.1269217587519932
2023-12-03 19:12:03.715	60281.80004299991	GIT	1800.0	i	19.642342534993208	0.1178133869050307
2023-12-03 19:33:50.256	60281.81516500004	GIT	600.0	g	19.788231526721205	0.0885794741485579
2023-12-03 19:44:48.365	60281.82278200006	GIT	600.0	r	19.60653045555248	0.1149255660863799
2023-12-07 14:32:06.173	60285.605626999866	GIT	600.0	r	19.69959299447618	0.1452253510534519
2023-12-07 14:43:08.688	60285.61329500005	GIT	600.0	g	20.21854932889781	0.1246420724312438
2023-12-07 19:06:04.378	60285.79588400014	GIT	600.0	r	19.64729362385772	0.0949052902193038
2023-12-07 19:17:06.547	60285.80354799982	GIT	600.0	g	20.195706586215152	0.1017175778698281
2023-12-08 16:39:36.806	60286.69417600008	GIT	1200.0	i	19.78323757523986	0.1158946776655642
2023-12-08 16:55:44.227	60286.70537299989	GIT	600.0	r	19.58981123991673	0.0988122298618743
2023-12-08 17:06:34.733	60286.712902000174	GIT	600.0	g	19.97520515085952	0.091697644499862
2023-12-08 19:08:28.406	60286.797551000025	GIT	600.0	r	19.556052453195782	0.1117947491444032
2023-12-08 19:19:21.331	60286.80510800006	GIT	600.0	g	19.808695142961493	0.1092933302373484
2023-12-09 17:44:57.293	60287.73955200007	GIT	1200.0	i	19.903319025737893	0.1135187857653721
2023-12-09 18:01:05.405	60287.75075699994	GIT	600.0	r	19.65641501882363	0.1091277040514769
2023-12-09 18:11:54.355	60287.75826800009	GIT	600.0	g	19.90444091787901	0.1080796472848816
2023-12-10 19:08:09.744	60288.79733499978	GIT	1200.0	i	19.95521694649556	0.0900764907194161
2023-12-10 19:24:28.138	60288.80865899986	GIT	600.0	r	19.80014003904112	0.0919406864770957
2023-12-10 19:35:24.173	60288.81625200016	GIT	600.0	g	19.98904651712621	0.0888386065652886
2023-12-12 14:37:42.010	60290.60951399989	GIT	600.0	r	19.797258321447856	0.1175221411178352
2023-12-12 14:48:36.662	60290.61709100008	GIT	600.0	g	20.22461354936684	0.0934669891889494
2023-12-12 19:04:08.602	60290.79454400018	GIT	600.0	r	19.873534987063053	0.1057328267113438
2023-12-13 16:14:39.754	60291.67684900016	GIT	600.0	r	19.991095994633504	0.1561849048611349
2023-12-13 16:26:11.126	60291.684851000085	GIT	600.0	g	20.116087433188245	0.145207489458548
2023-12-14 15:52:33.600	60292.66149999993	GIT	1200.0	i	20.291581002913546	0.1088400491516508
2023-12-14 16:08:52.598	60292.67283099983	GIT	600.0	r	20.00372869899188	0.1104309248500719
2023-12-14 16:19:48.720	60292.68042499991	GIT	600.0	g	20.208520188262906	0.0866591492569285
2023-12-16 18:33:14.630	60294.77308599977	GIT	600.0	r	20.147405846462235	0.10313316369359
2023-12-16 18:44:08.506	60294.78065400012	GIT	600.0	g	20.164844303355192	0.0937154303082907
2023-12-12 18:47:50.122	60290.78321899986	GIT	1200.0	i	20.22143933767124	0.1321862913623677
2023-12-13 15:58:09.350	60291.66538600018	GIT	1200.0	i	20.198596230070216	0.160820697980313
2023-12-16 18:17:02.026	60294.76182899997	GIT	1200.0	i	20.130612035533428	0.1266184165717247
2023-12-17 15:25:04.829	60295.64241700014	GIT	900.0	i	20.40577918801265	0.0969619892157264
2023-12-17 17:48:54.115	60295.74229300022	GIT	600.0	r	20.15958418838293	0.1046711678873056
2023-12-17 17:59:45.226	60295.74982899986	GIT	600.0	g	20.4679215323507	0.0948904726714433
2023-12-18 13:05:29.731	60296.54548300011	GIT	1200.0	i	20.345667540866245	0.1066755283409548
2023-12-18 13:22:43.248	60296.557444999926	GIT	600.0	r	20.11361111549648	0.1015039914986761
2023-12-18 13:33:39.024	60296.56503499998	GIT	600.0	g	20.36133327383189	0.1039815638143207
2023-12-19 14:48:07.027	60297.61674800003	GIT	1200.0	i	20.156879620051	0.1037057512141225
2023-12-19 15:04:32.160	60297.62814999977	GIT	600.0	r	19.97472127639534	0.0948434096714747
2023-12-19 15:15:32.170	60297.63578899996	GIT	600.0	g	20.32795154859128	0.0997025248197135
2023-12-21 15:07:57.187	60299.63052299991	GIT	1200.0	i	20.217562129500628	0.0943656670957933
2023-12-21 15:24:17.395	60299.64186799992	GIT	600.0	r	20.07942940622495	0.0838492803688889
2023-12-21 15:35:11.270	60299.6494359998	GIT	600.0	g	20.363711028860106	0.0946323612746567
2023-12-23 13:05:16.944	60301.54533499992	GIT	600.0	r	19.819243642836213	0.1089704189445246
2023-12-23 13:30:45.101	60301.56302199978	GIT	600.0	g	19.73640526937749	0.1078921272543107
2023-12-24 18:42:31.306	60302.77952900017	GIT	600.0	r	19.71971025620252	0.0783230011943891
2023-12-25 18:19:58.368	60303.76386999991	GIT	600.0	r	19.91900733232804	0.0887932879392645
2023-12-25 18:30:51.034	60303.77142400015	GIT	600.0	g	20.228090322887923	0.0829859768288576
2023-07-19 09:18:01.002	60144.38751159981	ZTF	30.0	ZTF_r	20.99796100220853	0.1585053844947771
2023-07-21 09:43:21.003	60146.40510419989	ZTF	30.0	ZTF_r	20.67775540553778	0.1308053313615062
2023-07-21 10:52:23.002	60146.45304400008	ZTF	30.0	ZTF_r	20.947329058374383	0.1581652351386411
2023-07-23 10:51:25.001	60148.452372699976	ZTF	30.0	ZTF_g	20.87689534587259	0.141489750050558
2023-07-25 10:13:11.004	60150.425821799785	ZTF	30.0	ZTF_g	20.744899518267705	0.1305854327188219
2023-07-25 10:50:08.002	60150.451481500175	ZTF	30.0	ZTF_r	20.556990087974196	0.133037250947097
2023-07-28 10:09:31.997	60153.42328700004	ZTF	30.0	ZTF_g	20.645291016365597	0.1523781883625627
2023-07-28 10:58:38.997	60153.457395799924	ZTF	30.0	ZTF_r	20.649498936661463	0.1316777721853212
2023-08-12 09:44:58.998	60168.40623839991	ZTF	30.0	ZTF_g	20.55587954689816	0.0934424619412226
2023-08-12 10:44:20.000	60168.447453700006	ZTF	30.0	ZTF_r	20.532137938502085	0.1006253905386647
2023-08-14 09:45:12.001	60170.40638889978	ZTF	30.0	ZTF_r	20.443500870971945	0.1022506730614225
2023-08-17 10:53:13.001	60173.45362270018	ZTF	30.0	ZTF_r	20.29284181282584	0.107460339442002
2023-08-17 11:19:08.003	60173.47162039997	ZTF	30.0	ZTF_g	20.544821358723695	0.1147072176433825
2023-08-22 10:13:18.002	60178.42590280017	ZTF	30.0	ZTF_g	20.397831797220743	0.1178038595750167
2023-08-22 11:07:50.998	60178.463784699794	ZTF	30.0	ZTF_r	20.399027661821727	0.1056927475021961
2023-08-24 09:54:02.998	60180.412534699775	ZTF	30.0	ZTF_g	20.55653200943548	0.1255368724876296
2023-08-26 10:15:17.001	60182.42728010006	ZTF	30.0	ZTF_g	20.55999850366635	0.1482505440438818
2023-08-26 10:51:53.997	60182.4527083002	ZTF	30.0	ZTF_r	20.51916186544165	0.1186375192530111
2023-08-28 10:21:00.000	60184.43124999991	ZTF	30.0	ZTF_g	20.2372302080162	0.0966530428936165
2023-08-28 11:19:01.998	60184.47155090002	ZTF	30.0	ZTF_r	20.284872676805115	0.1086317835933691
2023-09-07 07:46:57.999	60194.324282399844	ZTF	30.0	ZTF_r	20.302287364694912	0.1010589928260841
2023-09-07 10:04:23.998	60194.419722199906	ZTF	30.0	ZTF_g	20.38187548698344	0.1019144075056358
2023-09-09 07:51:53.997	60196.3277083002	ZTF	30.0	ZTF_g	20.249944141744827	0.0862791602719968
2023-09-09 08:15:32.996	60196.3441319	ZTF	30.0	ZTF_r	20.397928055286	0.093689358548552
2023-09-13 08:52:22.996	60200.3697106	ZTF	30.0	ZTF_g	20.504062408303877	0.0983955805198177
2023-09-13 10:51:41.003	60200.45255789999	ZTF	30.0	ZTF_r	20.107688023124737	0.0901163497563431
2023-09-15 07:42:14.996	60202.321006900165	ZTF	30.0	ZTF_r	20.502962864669037	0.1206335070691534
2023-09-15 10:29:39.998	60202.437268500216	ZTF	30.0	ZTF_g	20.393564343631365	0.1009074870686391
2023-09-17 10:37:10.004	60204.44247689983	ZTF	30.0	ZTF_g	20.419532600461316	0.073016781781144
2023-09-19 09:39:22.997	60206.402349499986	ZTF	30.0	ZTF_g	20.309256420274032	0.0983641659960476
2023-09-19 10:17:48.002	60206.42902779998	ZTF	30.0	ZTF_r	20.271001827037136	0.0889937393475638
2023-09-22 07:20:50.004	60209.30613429984	ZTF	30.0	ZTF_r	19.61321389210404	0.0915336442749615
2023-09-25 09:12:45.996	60212.3838657001	ZTF	30.0	ZTF_r	19.975949170770193	0.0681591235649993
2023-09-25 09:51:12.997	60212.41056710016	ZTF	30.0	ZTF_g	20.028223953380007	0.064376437165794
2023-09-27 07:23:51.003	60214.308229200076	ZTF	30.0	ZTF_r	19.381986027184073	0.0663226073780309
2023-09-27 11:09:42.998	60214.46508099977	ZTF	30.0	ZTF_g	19.584842111773053	0.1141568175359685
2023-09-29 11:40:02.997	60216.48614579998	ZTF	30.0	ZTF_r	19.529461450938427	0.1103005060120482
2023-10-04 07:38:39.998	60221.318518499844	ZTF	30.0	ZTF_r	19.863286507169153	0.1002189362120301
2023-10-04 08:44:24.003	60221.364166699816	ZTF	30.0	ZTF_g	19.9495351716951	0.1008111457199126
2023-10-06 05:19:53.000	60223.22214120021	ZTF	30.0	ZTF_r	19.819317886747623	0.089384421961719
2023-10-06 07:16:01.998	60223.30280089984	ZTF	30.0	ZTF_g	19.905916318059717	0.1039010170726384
2023-10-09 06:52:17.996	60226.286319400184	ZTF	30.0	ZTF_r	19.435856722538347	0.0485834685129179
2023-10-11 05:51:55.002	60228.244386599865	ZTF	30.0	ZTF_g	19.568856333278887	0.0579516272250308
2023-10-11 07:05:40.998	60228.29561340017	ZTF	30.0	ZTF_r	19.471290314513737	0.0488930302511858
2023-10-14 07:21:04.000	60231.30629630014	ZTF	30.0	ZTF_g	19.257010727767057	0.0500081122663098
2023-10-14 07:57:06.998	60231.3313310002	ZTF	30.0	ZTF_r	19.31138334862992	0.0462059935852216
2023-10-16 04:19:06.997	60233.17994209984	ZTF	30.0	ZTF_r	18.84981808624315	0.0352273813203426
2023-10-16 08:22:40.996	60233.349085600115	ZTF	30.0	ZTF_g	19.03100695056151	0.0379380346174672
2023-10-18 04:47:42.996	60235.199803200085	ZTF	30.0	ZTF_g	18.79284969944532	0.0350868581784088
2023-10-18 05:56:18.997	60235.2474421002	ZTF	30.0	ZTF_r	18.682972224870117	0.0310639268550423
2023-10-20 04:52:15.001	60237.202951400075	ZTF	30.0	ZTF_r	18.743956950649643	0.0353485379085205
2023-10-20 05:41:34.996	60237.23721060017	ZTF	30.0	ZTF_g	18.880391712832157	0.0335766416668398
2023-10-22 06:18:44.997	60239.26302079996	ZTF	30.0	ZTF_g	19.069674303022783	0.034230823863415
2023-10-22 08:25:19.998	60239.35092590004	ZTF	30.0	ZTF_r	19.06738211559266	0.0353150040869935
2023-10-25 09:04:30.000	60242.378124999814	ZTF	30.0	ZTF_r	19.2862077484995	0.0515933324123311
2023-10-25 11:12:59.999	60242.46736110002	ZTF	30.0	ZTF_g	19.367331018827592	0.0440264700022618
2023-11-02 07:18:23.996	60250.30444440013	ZTF	30.0	ZTF_r	19.91378152500252	0.0800289629980914
2023-11-04 07:09:34.001	60252.29831020022	ZTF	30.0	ZTF_r	20.093817075591588	0.0822598435798406
2023-11-06 05:40:10.998	60254.236238399986	ZTF	30.0	ZTF_r	20.297785274999953	0.1093503304420134
2023-11-13 07:19:26.999	60261.30517360009	ZTF	30.0	ZTF_g	20.543185927913484	0.1009730544778948
2023-11-20 07:58:45.002	60268.33246529987	ZTF	30.0	ZTF_g	19.915521059907125	0.1341448141867225
2023-12-09 02:52:11.997	60287.11958329985	ZTF	30.0	ZTF_r	19.741069145247216	0.091201569014422
2023-12-09 03:09:36.996	60287.13167819986	ZTF	30.0	ZTF_g	20.187574723997475	0.1172057258223433
2023-12-11 03:38:40.004	60289.15185189992	ZTF	30.0	ZTF_r	19.857167254542013	0.0981014207834342
2023-12-13 02:50:34.002	60291.11844909983	ZTF	30.0	ZTF_r	20.12629039796356	0.0801173053049212
2024-01-02 03:22:53.000	60311.14089119993	ZTF	30.0	ZTF_r	20.15650435032257	0.0845720637378463
2024-02-18 03:15:16.998	60358.13561340002	ZTF	30.0	ZTF_r	19.57185538887849	0.08916042260218
